,Input,Output,Network
video/240p_60fps.mp4,60.0,4.7169448018632805,5.261459860002726
video/360p_30fps.mp4,30.0,4.472473066750956,4.385026798214072
video/480p_30fps.mp4,30.0,4.45283438321091,4.675921501788864
video/720p_30fps.mp4,30.0,3.077734012456621,4.925638490644499
video/1080p_30fps.mp4,30.0,2.2838683493422076,4.858924916209625
video/1080p_60fps.mp4,60.0,2.5878108748098207,5.239994568109211
0,30.0,3.3470435122552873,4.96615745706154
1,30.0,2.001886557616433,5.000914966024443
