,Input,Output,Network
video/240p_60fps.mp4,60.0,1.3109882244680702,1.4509474620686833
video/360p_30fps.mp4,30.0,1.2699596238890258,1.4439279095781583
video/480p_30fps.mp4,30.0,1.2747293028521685,1.4401172780396645
video/720p_30fps.mp4,30.0,1.223473037398698,1.4524707233309548
video/1080p_30fps.mp4,30.0,1.0028606454100488,1.4609168658392289
video/1080p_60fps.mp4,60.0,0.9942777326650044,1.4607982754076727
0,30.0,1.1084412970881925,1.446817593160597
1,30.0,1.1910204860670648,1.4581520086534998
