,Input,Output,Network
video/240p_60fps.mp4,60.0,13.966037017901206,17.610534223866473
video/360p_30fps.mp4,30.0,12.550675474667495,17.67918739430305
video/480p_30fps.mp4,30.0,12.532556320597374,17.555361918408302
video/720p_30fps.mp4,30.0,5.683070558397372,17.529984551217325
video/1080p_30fps.mp4,30.0,3.6879496263044302,17.35873470079868
video/1080p_60fps.mp4,60.0,4.3353669577143465,17.38805991391439
0,30.0,6.128543977635249,17.02812295921504
1,30.0,2.0015934972841887,17.464268926657084
