,Input,Output,Network
video/240p_60fps.mp4,60.0,15.115662245572365,19.486945823096246
video/360p_30fps.mp4,30.0,13.457996225005724,19.540668998564986
video/480p_30fps.mp4,30.0,13.390207352417596,19.404078444844387
video/720p_30fps.mp4,30.0,5.821186526519357,19.36857832055423
video/1080p_30fps.mp4,30.0,3.6441889849401257,19.25429409319669
video/1080p_60fps.mp4,60.0,4.5203314888737305,19.237817157938014
0,30.0,5.99657404687364,18.910710836542908
1,30.0,2.0012471372369216,19.595723156763984
