,Input,Output,Network
video/240p_60fps.mp4,60.0,11.760795216773396,14.795880528954596
video/360p_30fps.mp4,30.0,10.759647678279867,14.5555359488503
video/480p_30fps.mp4,30.0,10.81003765935067,14.804896490905955
video/720p_30fps.mp4,30.0,5.251575364182038,14.83713538399085
video/1080p_30fps.mp4,30.0,3.3686614421525847,14.779577046644821
video/1080p_60fps.mp4,60.0,4.189474765044446,14.828438429107745
0,30.0,5.6658154539974035,14.561314280910276
1,30.0,2.0020682880122402,14.785788404564665
