,Input,Output,Network
fcn-resnet18-cityscapes-512x256,29,15.912809371948242,46.13166427612305
fcn-resnet18-cityscapes-1024x512,29,16.278915405273438,46.12247085571289
fcn-resnet18-cityscapes-2048x1024,29,15.488898277282715,46.62548065185547
fcn-resnet18-voc-320x320,29,15.177289009094238,46.230525970458984
fcn-resnet18-voc-512x320,29,16.234773635864258,46.59617233276367
