,Input,Output,Network
fcn-resnet18-cityscapes-512x256,30,14.727177619934082,27.186687469482422
fcn-resnet18-cityscapes-1024x512,30,14.862521171569824,27.032352447509766
fcn-resnet18-cityscapes-2048x1024,30,14.804901123046875,27.09759521484375
fcn-resnet18-voc-320x320,30,14.78822135925293,27.120941162109375
fcn-resnet18-voc-512x320,30,14.684825897216797,27.097938537597656
