,Input,Output,Network
fcn-resnet18-cityscapes-512x256,59,4.425516605377197,45.91203689575195
fcn-resnet18-cityscapes-1024x512,59,4.7738518714904785,45.909950256347656
fcn-resnet18-cityscapes-2048x1024,59,5.0129780769348145,46.004554748535156
fcn-resnet18-voc-320x320,59,4.765572547912598,45.95269012451172
fcn-resnet18-voc-512x320,59,4.919364929199219,45.83082962036133
