,Input,Output,Network
fcn-resnet18-cityscapes-512x256,30,30.0,27.14459991455078
fcn-resnet18-cityscapes-1024x512,30,30.0,27.521751403808594
fcn-resnet18-cityscapes-2048x1024,30,30.0,27.560388565063477
fcn-resnet18-voc-320x320,30,30.0,27.636674880981445
fcn-resnet18-voc-512x320,30,30.0,27.609333038330078
