,Input,Output,Network
fcn-resnet18-cityscapes-512x256,29,15.168438911437988,46.9542121887207
fcn-resnet18-cityscapes-1024x512,29,15.401806831359863,46.560691833496094
fcn-resnet18-cityscapes-2048x1024,29,14.613743782043457,46.23308563232422
fcn-resnet18-voc-320x320,29,14.376921653747559,46.54364776611328
fcn-resnet18-voc-512x320,29,15.400408744812012,46.70487594604492
