,Input,Output,Network
fcn-resnet18-cityscapes-512x256,30,7.812861919403076,46.204830169677734
fcn-resnet18-cityscapes-1024x512,30,8.72640609741211,46.30735397338867
fcn-resnet18-cityscapes-2048x1024,30,7.813126564025879,46.246337890625
fcn-resnet18-voc-320x320,30,8.645121574401855,46.21528625488281
fcn-resnet18-voc-512x320,30,7.763278484344482,46.265506744384766
