,Input,Output,Network
fcn-resnet18-cityscapes-512x256,30,8.9490327835083,45.57419967651367
fcn-resnet18-cityscapes-1024x512,30,8.925368309020996,46.121917724609375
fcn-resnet18-cityscapes-2048x1024,30,8.006677627563477,45.92081832885742
fcn-resnet18-voc-320x320,30,8.862174987792969,45.868927001953125
fcn-resnet18-voc-512x320,30,8.120285987854004,45.672637939453125
