,Input,Output,Network
fcn-resnet18-cityscapes-512x256,60,20.497329711914062,48.92131423950195
fcn-resnet18-cityscapes-1024x512,60,8.227023124694824,12.348243713378906
fcn-resnet18-cityscapes-2048x1024,60,4.4187140464782715,3.068016529083252
fcn-resnet18-voc-320x320,60,20.196475982666016,46.434574127197266
fcn-resnet18-voc-512x320,60,17.15873146057129,34.35891342163086
