,Input,Output,Network
fcn-resnet18-cityscapes-512x256,29,4.430483818054199,48.42798614501953
fcn-resnet18-cityscapes-1024x512,29,4.434999465942383,12.219034194946289
fcn-resnet18-cityscapes-2048x1024,29,3.584106922149658,3.0668301582336426
fcn-resnet18-voc-320x320,29,4.787492752075195,46.03068923950195
fcn-resnet18-voc-512x320,29,4.504942893981934,34.610931396484375
