,Input,Output,Network
fcn-resnet18-cityscapes-512x256,29,8.573180198669434,46.36090850830078
fcn-resnet18-cityscapes-1024x512,29,7.783229351043701,45.85589599609375
fcn-resnet18-cityscapes-2048x1024,29,8.620347023010254,45.83203125
fcn-resnet18-voc-320x320,29,7.815732002258301,45.71004104614258
fcn-resnet18-voc-512x320,29,8.613163948059082,45.85688018798828
