,Input,Output,Network
fcn-resnet18-cityscapes-512x256,29,15.675015449523926,48.71958923339844
fcn-resnet18-cityscapes-1024x512,29,7.387973308563232,12.30030345916748
fcn-resnet18-cityscapes-2048x1024,29,2.3255956172943115,3.062851667404175
fcn-resnet18-voc-320x320,29,14.723226547241211,46.858070373535156
fcn-resnet18-voc-512x320,29,13.493209838867188,34.38604736328125
