,Input,Output,Network
fcn-resnet18-cityscapes-512x256,60,19.776920318603516,46.03985595703125
fcn-resnet18-cityscapes-1024x512,60,20.205759048461914,46.30612564086914
fcn-resnet18-cityscapes-2048x1024,60,19.662858963012695,46.50678253173828
fcn-resnet18-voc-320x320,60,20.070556640625,46.21973419189453
fcn-resnet18-voc-512x320,60,20.148441314697266,46.188594818115234
