,Input,Output,Network
fcn-resnet18-cityscapes-512x256,59,4.743192672729492,45.660797119140625
fcn-resnet18-cityscapes-1024x512,59,4.484349250793457,46.086158752441406
fcn-resnet18-cityscapes-2048x1024,59,4.008936405181885,45.99375534057617
fcn-resnet18-voc-320x320,59,4.479738712310791,45.814422607421875
fcn-resnet18-voc-512x320,59,4.003139972686768,45.738243103027344
