,Input,Output,Network
fcn-resnet18-cityscapes-512x256,29,7.980311393737793,46.18382263183594
fcn-resnet18-cityscapes-1024x512,29,7.253691673278809,46.12645721435547
fcn-resnet18-cityscapes-2048x1024,29,7.295495510101318,46.19660186767578
fcn-resnet18-voc-320x320,29,8.033474922180176,46.08261489868164
fcn-resnet18-voc-512x320,29,7.95427942276001,46.25235366821289
