,Input,Output,Network
fcn-resnet18-cityscapes-512x256,30,8.117048263549805,48.809879302978516
fcn-resnet18-cityscapes-1024x512,30,5.3419294357299805,12.324551582336426
fcn-resnet18-cityscapes-2048x1024,30,2.111863851547241,3.061990261077881
fcn-resnet18-voc-320x320,30,7.446422576904297,46.48809051513672
fcn-resnet18-voc-512x320,30,7.51222562789917,34.83245849609375
