,Input,Output,Network
fcn-resnet18-cityscapes-512x256,29,4.909154415130615,49.11893081665039
fcn-resnet18-cityscapes-1024x512,29,3.322418689727783,12.376476287841797
fcn-resnet18-cityscapes-2048x1024,29,1.752501130104065,3.0313220024108887
fcn-resnet18-voc-320x320,29,4.534237861633301,46.105525970458984
fcn-resnet18-voc-512x320,29,4.310832500457764,34.721343994140625
