,Input,Output,Network
fcn-resnet18-cityscapes-512x256,30,8.204960823059082,46.16738510131836
fcn-resnet18-cityscapes-1024x512,30,7.527586460113525,46.100650787353516
fcn-resnet18-cityscapes-2048x1024,30,7.514390468597412,45.900177001953125
fcn-resnet18-voc-320x320,30,8.265098571777344,45.96424102783203
fcn-resnet18-voc-512x320,30,8.176817893981934,46.137210845947266
