,Input,Output,Network
fcn-resnet18-cityscapes-512x256,59,4.638419151306152,48.08571243286133
fcn-resnet18-cityscapes-1024x512,59,3.9627652168273926,12.319134712219238
fcn-resnet18-cityscapes-2048x1024,59,1.791156530380249,3.0227551460266113
fcn-resnet18-voc-320x320,59,4.964566230773926,45.98373031616211
fcn-resnet18-voc-512x320,59,4.743234157562256,34.44940948486328
