,Input,Output,Network
fcn-resnet18-cityscapes-512x256,0,30.0,27.245712280273438
fcn-resnet18-cityscapes-1024x512,0,30.0,27.212541580200195
fcn-resnet18-cityscapes-2048x1024,0,30.0,27.25379753112793
fcn-resnet18-voc-320x320,0,30.0,27.248613357543945
fcn-resnet18-voc-512x320,0,30.0,27.906003952026367
