,Input,Output,Network
fcn-resnet18-cityscapes-512x256,30,8.376445770263672,48.94013977050781
fcn-resnet18-cityscapes-1024x512,30,5.577122688293457,12.355920791625977
fcn-resnet18-cityscapes-2048x1024,30,2.560033082962036,3.0696253776550293
fcn-resnet18-voc-320x320,30,7.90339994430542,46.44827651977539
fcn-resnet18-voc-512x320,30,8.155234336853027,34.924522399902344
