,Input,Output,Network
fcn-resnet18-cityscapes-512x256,29,4.532339096069336,46.12058639526367
fcn-resnet18-cityscapes-1024x512,29,4.486679553985596,46.18259811401367
fcn-resnet18-cityscapes-2048x1024,29,3.727053165435791,46.595157623291016
fcn-resnet18-voc-320x320,29,4.014838218688965,46.24332809448242
fcn-resnet18-voc-512x320,29,4.507465839385986,46.55042266845703
