,Input,Output,Network
fcn-resnet18-cityscapes-512x256,29,15.08244514465332,45.723758697509766
fcn-resnet18-cityscapes-1024x512,29,14.507732391357422,46.100650787353516
fcn-resnet18-cityscapes-2048x1024,29,15.128146171569824,46.23164367675781
fcn-resnet18-voc-320x320,29,15.31071949005127,46.15284729003906
fcn-resnet18-voc-512x320,29,14.581347465515137,46.49641799926758
