,Input,Output,Network
fcn-resnet18-cityscapes-512x256,30,15.814729690551758,27.10202980041504
fcn-resnet18-cityscapes-1024x512,30,15.841148376464844,27.174949645996094
fcn-resnet18-cityscapes-2048x1024,30,15.842387199401855,26.967199325561523
fcn-resnet18-voc-320x320,30,15.840347290039062,26.95088768005371
fcn-resnet18-voc-512x320,30,15.820666313171387,26.968297958374023
