,Input,Output,Network
fcn-resnet18-cityscapes-512x256,29,15.708036422729492,48.601566314697266
fcn-resnet18-cityscapes-1024x512,29,7.462274074554443,12.346004486083984
fcn-resnet18-cityscapes-2048x1024,29,4.311609745025635,3.062243938446045
fcn-resnet18-voc-320x320,29,15.32719612121582,46.63839340209961
fcn-resnet18-voc-512x320,29,13.826977729797363,34.43933868408203
