,Input,Output,Network
fcn-resnet18-cityscapes-512x256,0,7.0831685066223145,27.638507843017578
fcn-resnet18-cityscapes-1024x512,0,7.273472309112549,27.43378448486328
fcn-resnet18-cityscapes-2048x1024,0,7.24177885055542,27.61620330810547
fcn-resnet18-voc-320x320,0,7.240692615509033,27.42864990234375
fcn-resnet18-voc-512x320,0,7.110024452209473,27.753847122192383
