,Input,Output,Network
fcn-resnet18-cityscapes-512x256,30,30.0,27.370391845703125
fcn-resnet18-cityscapes-1024x512,30,30.0,27.49428367614746
fcn-resnet18-cityscapes-2048x1024,30,30.0,27.426103591918945
fcn-resnet18-voc-320x320,30,30.0,27.47123146057129
fcn-resnet18-voc-512x320,30,30.0,27.48479652404785
