,Input,Output,Network
fcn-resnet18-cityscapes-512x256,30,30.0,27.195659637451172
fcn-resnet18-cityscapes-1024x512,30,30.0,27.186302185058594
fcn-resnet18-cityscapes-2048x1024,30,30.0,27.391279220581055
fcn-resnet18-voc-320x320,30,30.0,27.245595932006836
fcn-resnet18-voc-512x320,30,30.0,27.20648956298828
