,Input,Output,Network
fcn-resnet18-cityscapes-512x256,30,14.899250030517578,27.209457397460938
fcn-resnet18-cityscapes-1024x512,30,14.928155899047852,27.321044921875
fcn-resnet18-cityscapes-2048x1024,30,14.933924674987793,27.284975051879883
fcn-resnet18-voc-320x320,30,14.950434684753418,27.388896942138672
fcn-resnet18-voc-512x320,30,14.890097618103027,27.366565704345703
