,Input,Output,Network
fcn-resnet18-cityscapes-512x256,29,7.5432844161987305,48.84775161743164
fcn-resnet18-cityscapes-1024x512,29,5.328248023986816,12.289690971374512
fcn-resnet18-cityscapes-2048x1024,29,2.0532870292663574,3.0544590950012207
fcn-resnet18-voc-320x320,29,7.538993835449219,46.24979019165039
fcn-resnet18-voc-512x320,29,7.5349555015563965,34.599082946777344
