,Input,Output,Network
fcn-resnet18-cityscapes-512x256,60,18.762544631958008,46.38969802856445
fcn-resnet18-cityscapes-1024x512,60,19.39723014831543,46.10397720336914
fcn-resnet18-cityscapes-2048x1024,60,19.67694091796875,46.36146926879883
fcn-resnet18-voc-320x320,60,19.145740509033203,46.30690383911133
fcn-resnet18-voc-512x320,60,19.639141082763672,46.406517028808594
