,Input,Output,Network
fcn-resnet18-cityscapes-512x256,29,4.312555313110352,45.99606704711914
fcn-resnet18-cityscapes-1024x512,29,4.363511085510254,45.889102935791016
fcn-resnet18-cityscapes-2048x1024,29,4.979384899139404,45.93235397338867
fcn-resnet18-voc-320x320,29,4.857565402984619,46.18515396118164
fcn-resnet18-voc-512x320,29,4.942440509796143,46.3629264831543
