,Input,Output,Network
fcn-resnet18-cityscapes-512x256,29,16.003652572631836,45.82897186279297
fcn-resnet18-cityscapes-1024x512,29,15.287827491760254,46.140316009521484
fcn-resnet18-cityscapes-2048x1024,29,15.739967346191406,46.3310432434082
fcn-resnet18-voc-320x320,29,16.245189666748047,46.27252960205078
fcn-resnet18-voc-512x320,29,16.123550415039062,46.15972900390625
