,Input,Output,Network
fcn-resnet18-cityscapes-512x256,30,7.998922348022461,46.5930061340332
fcn-resnet18-cityscapes-1024x512,30,7.197368144989014,46.298641204833984
fcn-resnet18-cityscapes-2048x1024,30,7.1862688064575195,46.27955627441406
fcn-resnet18-voc-320x320,30,7.881595611572266,46.34871292114258
fcn-resnet18-voc-512x320,30,7.254180908203125,46.49225616455078
