,Input,Output,Network
video/240p_60fps.mp4,60.0,1.68205722294203,1.6882069453771684
video/360p_30fps.mp4,30.0,1.6948396149969644,1.7458735805720782
video/480p_30fps.mp4,30.0,1.6699525083530875,1.7186515465830057
video/720p_30fps.mp4,30.0,1.5186663203924444,1.701352297159541
video/1080p_30fps.mp4,30.0,1.3093616672368902,1.5998389867121303
video/1080p_60fps.mp4,60.0,1.3086338601238392,1.5999007178212867
0,30.0,1.313679396782285,1.4821865441599418
1,30.0,1.3395636562880433,1.4701555879738777
