,Input,Output,Network
video/240p_60fps.mp4,60.0,1.3922176752323219,1.3961540675073625
video/360p_30fps.mp4,30.0,1.3890473511900998,1.4244846188854003
video/480p_30fps.mp4,30.0,1.3706671317251158,1.4054398419728091
video/720p_30fps.mp4,30.0,1.263530167974622,1.3876223311912177
video/1080p_30fps.mp4,30.0,1.1270820146796403,1.3389594416299164
video/1080p_60fps.mp4,60.0,1.1240670551744758,1.3342582439250337
0,30.0,1.10733774152778,1.2254086668837931
1,30.0,1.1136236504735697,1.2194981491220174
