,Input,Output,Network
video/240p_60fps.mp4,60.0,2.187809717395289,2.203956925400152
video/360p_30fps.mp4,30.0,2.1506942853136417,2.2263546989112015
video/480p_30fps.mp4,30.0,2.144008438585866,2.2203061141943152
video/720p_30fps.mp4,30.0,1.8823746450886003,2.1504226489404688
video/1080p_30fps.mp4,30.0,1.6057636477208752,2.060349678804491
video/1080p_60fps.mp4,60.0,1.6081644672452826,2.068718039043578
0,30.0,1.6309731386441593,1.8884970351744488
1,30.0,1.7124853190942415,1.9279999816864624
