,Input,Output,Network
video/240p_60fps.mp4,60.0,0.40838524934118,0.4078565923639273
video/360p_30fps.mp4,30.0,0.4134562526053349,0.4166494211274954
video/480p_30fps.mp4,30.0,0.4098933454526561,0.4087707148311043
video/720p_30fps.mp4,30.0,0.3988715143635139,0.41192380062247996
video/1080p_30fps.mp4,30.0,0.37745633237343107,0.399690320062435
video/1080p_60fps.mp4,60.0,0.3805063551606017,0.4030611695284263
0,30.0,0.35720577922040825,0.36951465985639986
1,30.0,0.35257256396198583,0.36082651694349827
