,Input,Output,Network
video/240p_60fps.mp4,60.0,0.09961372940281428,0.099929419975842
video/360p_30fps.mp4,30.0,0.10580426874411428,0.10446374821431947
video/480p_30fps.mp4,30.0,0.10094782297877468,0.10155111725075062
video/720p_30fps.mp4,30.0,0.1003383264587293,0.10154981036990043
video/1080p_30fps.mp4,30.0,0.09828238281045973,0.10041303467104727
video/1080p_60fps.mp4,60.0,0.0976733809086725,0.10011024592070343
0,30.0,0.09030060742727536,0.0915753394831726
1,30.0,0.08697447257224689,0.08763549526091999
