,Input,Output,Network
ssd-mobilenet-v1,30,30.0,27.06096649169922
ssd-mobilenet-v2,30,30.0,27.07672882080078
ssd-inception-v2,30,30.0,27.144563674926758
pednet,30,30.0,27.13846206665039
multiped,30,30.0,24.640562057495117
