,Input,Output,Network
ssd-mobilenet-v1,0,7.141746997833252,27.362783432006836
ssd-mobilenet-v2,0,7.152982711791992,27.748350143432617
ssd-inception-v2,0,7.150629043579102,27.437744140625
pednet,0,7.012905120849609,27.481060028076172
multiped,0,6.783506393432617,27.746427536010742
