,Input,Output,Network
ssd-mobilenet-v1,30,14.374564170837402,27.0847110748291
ssd-mobilenet-v2,30,14.208677291870117,27.038558959960938
ssd-inception-v2,30,14.342156410217285,27.09556770324707
pednet,30,14.566170692443848,27.035207748413086
multiped,30,14.379638671875,26.98626708984375
