,Input,Output,Network
ssd-mobilenet-v1,30,30.0,27.53627586364746
ssd-mobilenet-v2,30,30.0,27.039052963256836
ssd-inception-v2,30,30.0,27.73436164855957
pednet,30,30.0,27.891691207885742
multiped,30,30.0,27.683616638183594
