,Input,Output,Network
ssd-mobilenet-v1,30,14.508099555969238,27.103673934936523
ssd-mobilenet-v2,30,15.157431602478027,27.038103103637695
ssd-inception-v2,30,15.14148235321045,27.1245059967041
pednet,30,14.554407119750977,27.000879287719727
multiped,30,14.396586418151855,26.987327575683594
