,Input,Output,Network
ssd-mobilenet-v1,0,30.0,27.27156639099121
ssd-mobilenet-v2,0,30.0,27.263628005981445
ssd-inception-v2,0,30.0,27.260644912719727
pednet,0,30.0,27.228557586669922
multiped,0,30.0,27.298864364624023
