,Input,Output,Network
ssd-mobilenet-v1,30,13.538589477539062,27.163877487182617
ssd-mobilenet-v2,30,13.550233840942383,27.13048553466797
ssd-inception-v2,30,13.951644897460938,27.17879867553711
pednet,30,14.037845611572266,27.239877700805664
multiped,30,14.084500312805176,27.373783111572266
