,Input,Output,Network
ssd-mobilenet-v1,30,15.227956771850586,26.70048713684082
ssd-mobilenet-v2,30,15.722168922424316,27.3759708404541
ssd-inception-v2,30,15.931987762451172,27.35389518737793
pednet,30,15.883968353271484,27.40172004699707
multiped,30,15.914899826049805,27.342636108398438
