,Input,Output,Network
ssd-mobilenet-v1,30,13.513177871704102,27.192848205566406
ssd-mobilenet-v2,30,13.658706665039062,27.354440689086914
ssd-inception-v2,30,13.800433158874512,27.460269927978516
pednet,30,13.65625,27.465335845947266
multiped,30,13.727080345153809,27.492904663085938
