,Input,Output,Network
ssd-mobilenet-v1,30,30.0,27.48070526123047
ssd-mobilenet-v2,30,30.0,27.46957778930664
ssd-inception-v2,30,30.0,27.467262268066406
pednet,30,30.0,25.50552749633789
multiped,30,30.0,25.511661529541016
