,Input,Output,Network
ssd-mobilenet-v1,30,30.0,27.425634384155273
ssd-mobilenet-v2,30,30.0,27.243202209472656
ssd-inception-v2,30,30.0,27.22079849243164
pednet,30,30.0,27.30084228515625
multiped,30,30.0,27.38260841369629
