,Input,Output,Network
ssd-mobilenet-v1,30,16.122196197509766,33.88825225830078
ssd-mobilenet-v2,30,14.388666152954102,27.39749526977539
ssd-inception-v2,30,12.385333061218262,22.007244110107422
pednet,30,6.833380699157715,8.944552421569824
multiped,30,6.791728496551514,9.123397827148438
