,Input,Output,Network
ssd-mobilenet-v1,59,11.887868881225586,34.72743606567383
ssd-mobilenet-v2,59,11.091523170471191,27.172029495239258
ssd-inception-v2,59,9.782371520996094,21.717344284057617
pednet,59,6.6075239181518555,8.910795211791992
multiped,59,6.618927001953125,9.086400985717773
