,Input,Output,Network
ssd-mobilenet-v1,30,16.82779884338379,34.48065185546875
ssd-mobilenet-v2,30,15.743959426879883,27.310823440551758
ssd-inception-v2,30,13.776480674743652,21.552013397216797
pednet,30,7.022088527679443,8.92180061340332
multiped,30,7.021637439727783,9.13800048828125
