,Input,Output,Network
ssd-mobilenet-v1,30,14.263412475585938,33.78764724731445
ssd-mobilenet-v2,30,12.563581466674805,27.461759567260742
ssd-inception-v2,30,11.222535133361816,21.75444984436035
pednet,30,6.483180522918701,8.929215431213379
multiped,30,6.554332256317139,9.135013580322266
