,Input,Output,Network
ssd-mobilenet-v1,59,10.087785720825195,34.79912567138672
ssd-mobilenet-v2,59,9.363051414489746,27.526763916015625
ssd-inception-v2,59,8.59495735168457,21.812009811401367
pednet,59,5.934566974639893,8.915742874145508
multiped,59,6.002107620239258,9.100906372070312
