,Input,Output,Network
ssd-mobilenet-v1,29,16.92893409729004,33.72035598754883
ssd-mobilenet-v2,29,14.936517715454102,26.491819381713867
ssd-inception-v2,29,13.050644874572754,21.410005569458008
pednet,29,6.835360527038574,8.892326354980469
multiped,29,6.858881950378418,9.128725051879883
