,Input,Output,Network
ssd-mobilenet-v1,60,15.967344284057617,27.357872009277344
ssd-mobilenet-v2,60,15.786890983581543,26.877918243408203
ssd-inception-v2,60,15.940667152404785,26.809951782226562
pednet,60,15.988037109375,26.848791122436523
multiped,60,15.685652732849121,26.885068893432617
