,Input,Output,Network
ssd-mobilenet-v1,60,3.245932102203369,27.12266731262207
ssd-mobilenet-v2,60,3.236381769180298,27.14931869506836
ssd-inception-v2,60,3.257758855819702,26.520401000976562
pednet,60,3.2006144523620605,27.438371658325195
multiped,60,3.1878035068511963,26.52838706970215
