,Input,Output,Network
ssd-mobilenet-v1,60,2.562218427658081,27.07997703552246
ssd-mobilenet-v2,60,3.152052402496338,26.663408279418945
ssd-inception-v2,60,3.1379618644714355,27.34703826904297
pednet,60,3.1534676551818848,26.453168869018555
multiped,60,3.119244337081909,26.355777740478516
