,Input,Output,Network
ssd-mobilenet-v1,60,15.749410629272461,27.02645492553711
ssd-mobilenet-v2,60,15.5606107711792,26.655597686767578
ssd-inception-v2,60,15.644120216369629,26.804636001586914
pednet,60,15.744750022888184,26.982397079467773
multiped,60,15.692790985107422,26.837718963623047
