,Input,Output,Network
ssd-mobilenet-v1,29,13.924971580505371,34.38093948364258
ssd-mobilenet-v2,29,12.819663047790527,26.94158363342285
ssd-inception-v2,29,11.263188362121582,21.883085250854492
pednet,29,6.465841293334961,8.88330364227295
multiped,29,6.5878119468688965,9.105952262878418
