,Input,Output,Network
ssd-mobilenet-v1,30,30.0,27.2855167388916
ssd-mobilenet-v2,30,30.0,27.21150016784668
ssd-inception-v2,30,30.0,27.23775291442871
pednet,30,30.0,27.2363224029541
multiped,30,30.0,27.32295036315918
