,Input,Output,Network
ssd-mobilenet-v1,30,30.0,26.782724380493164
ssd-mobilenet-v2,30,30.0,27.386199951171875
ssd-inception-v2,30,30.0,27.426219940185547
pednet,30,30.0,27.397531509399414
multiped,30,30.0,27.34096336364746
