,Input,Output,Network
ssd-mobilenet-v1,59,10.978428840637207,27.160804748535156
ssd-mobilenet-v2,59,11.059453010559082,27.12734031677246
ssd-inception-v2,59,10.910268783569336,27.038066864013672
pednet,59,10.99302864074707,27.108306884765625
multiped,59,10.902435302734375,27.087499618530273
