,Input,Output,Network
ssd-mobilenet-v1,29,15.112112045288086,26.76189422607422
ssd-mobilenet-v2,29,15.11750316619873,26.793638229370117
ssd-inception-v2,29,14.75541877746582,26.87953758239746
pednet,29,15.13093376159668,26.85149383544922
multiped,29,14.935598373413086,26.782875061035156
