,Input,Output,Network
ssd-mobilenet-v1,29,9.43404483795166,27.474098205566406
ssd-mobilenet-v2,29,9.370636940002441,27.40778160095215
ssd-inception-v2,29,9.394505500793457,27.559242248535156
pednet,29,9.460662841796875,27.424537658691406
multiped,29,9.403644561767578,27.413494110107422
