,Input,Output,Network
ssd-mobilenet-v1,30,12.466092109680176,27.245712280273438
ssd-mobilenet-v2,30,13.030484199523926,26.892641067504883
ssd-inception-v2,30,12.55270004272461,27.443115234375
pednet,30,12.34264087677002,27.451004028320312
multiped,30,12.470951080322266,27.01398468017578
