,Input,Output,Network
ssd-mobilenet-v1,29,9.700096130371094,34.94931411743164
ssd-mobilenet-v2,29,9.4474458694458,27.387022018432617
ssd-inception-v2,29,8.45948314666748,21.793020248413086
pednet,29,5.980778217315674,8.918277740478516
multiped,29,6.04880428314209,9.139676094055176
