,Input,Output,Network
ssd-mobilenet-v1,30,14.510529518127441,26.98478889465332
ssd-mobilenet-v2,30,14.719807624816895,27.091323852539062
ssd-inception-v2,30,15.186808586120605,27.42340087890625
pednet,30,14.279699325561523,27.31929588317871
multiped,30,15.087160110473633,27.1376953125
