,Input,Output,Network
ssd-mobilenet-v1,29,15.608601570129395,34.4710578918457
ssd-mobilenet-v2,29,13.931099891662598,27.00357437133789
ssd-inception-v2,29,12.311982154846191,21.562326431274414
pednet,29,6.810708522796631,8.896224021911621
multiped,29,6.7626118659973145,9.15131950378418
