,Input,Output,Network
ssd-mobilenet-v1,30,13.310102462768555,27.4063720703125
ssd-mobilenet-v2,30,13.621929168701172,27.3597412109375
ssd-inception-v2,30,13.673624992370605,27.473865509033203
pednet,30,13.581612586975098,27.238948822021484
multiped,30,13.822765350341797,27.451276779174805
