,Input,Output,Network
ssd-mobilenet-v1,29,10.767589569091797,27.083066940307617
ssd-mobilenet-v2,29,10.896825790405273,27.13735008239746
ssd-inception-v2,29,10.869901657104492,27.106277465820312
pednet,29,10.918701171875,27.116382598876953
multiped,29,10.820172309875488,27.165800094604492
