,Input,Output,Network
ssd-mobilenet-v1,30,14.633061408996582,27.451866149902344
ssd-mobilenet-v2,30,14.25881290435791,27.653274536132812
ssd-inception-v2,30,13.577335357666016,27.460269927978516
pednet,30,13.862597465515137,27.449748992919922
multiped,30,13.610895156860352,27.426376342773438
