,Input,Output,Network
ssd-mobilenet-v1,29,17.46877098083496,33.74761962890625
ssd-mobilenet-v2,29,15.124089241027832,26.416481018066406
ssd-inception-v2,29,13.83064079284668,21.51070213317871
pednet,29,6.918896675109863,8.878678321838379
multiped,29,6.924417495727539,9.079246520996094
