,Input,Output,Network
ssd-mobilenet-v1,59,9.322136878967285,27.457597732543945
ssd-mobilenet-v2,59,9.346799850463867,27.410205841064453
ssd-inception-v2,59,9.343072891235352,27.389013290405273
pednet,59,9.388812065124512,27.501056671142578
multiped,59,9.322321891784668,27.4462947845459
