,Input,Output,Network
ssd-mobilenet-v1,29,11.546526908874512,34.78286361694336
ssd-mobilenet-v2,29,11.00748348236084,27.06821632385254
ssd-inception-v2,29,9.824833869934082,21.818355560302734
pednet,29,6.525061130523682,8.938663482666016
multiped,29,6.574755668640137,9.088094711303711
