,Input,Output,Network
ssd-mobilenet-v1,30,3.7582669258117676,27.35175132751465
ssd-mobilenet-v2,30,3.670804500579834,27.49105453491211
ssd-inception-v2,30,3.6637165546417236,27.183494567871094
pednet,30,3.6981027126312256,27.099430084228516
multiped,30,3.670254945755005,27.227245330810547
