,Input,Output,Network
ssd-mobilenet-v1,29,13.648324012756348,27.162416458129883
ssd-mobilenet-v2,29,13.521392822265625,27.175296783447266
ssd-inception-v2,29,13.62165355682373,27.18018341064453
pednet,29,13.652634620666504,26.94978904724121
multiped,29,13.562958717346191,27.18195152282715
