,Input,Output,Network
ssd-mobilenet-v1,30,13.587934494018555,27.081195831298828
ssd-mobilenet-v2,30,13.594608306884766,26.94362449645996
ssd-inception-v2,30,14.163713455200195,26.925336837768555
pednet,30,13.72722339630127,27.434175491333008
multiped,30,14.296831130981445,27.255111694335938
