,Input,Output,Network
ssd-mobilenet-v1,29,15.748174667358398,26.90974998474121
ssd-mobilenet-v2,29,15.704090118408203,26.83877182006836
ssd-inception-v2,29,15.278135299682617,26.77450942993164
pednet,29,15.639359474182129,26.83914566040039
multiped,29,15.342902183532715,26.71694564819336
