,Input,Output,Network
ssd-mobilenet-v1,30,14.24279499053955,27.05337905883789
ssd-mobilenet-v2,30,14.3286771774292,27.128376007080078
ssd-inception-v2,30,13.726641654968262,26.84792709350586
pednet,30,13.805825233459473,27.160226821899414
multiped,30,14.068734169006348,27.077836990356445
