,Input,Output,Network
ssd-mobilenet-v1,30,0.7555150389671326,26.115875244140625
ssd-mobilenet-v2,30,4.652550220489502,27.26405143737793
ssd-inception-v2,30,0.633333146572113,1.4093962907791138
pednet,30,4.6417436599731445,27.239761352539062
multiped,30,0.28625786304473877,1.176604151725769
