,Input,Output,Network
ssd-mobilenet-v1,60,16.23863983154297,27.24234962463379
ssd-mobilenet-v2,60,16.033512115478516,27.060623168945312
ssd-inception-v2,60,16.135414123535156,26.92069435119629
pednet,60,16.13585090637207,26.89399528503418
multiped,60,16.18147850036621,27.33601951599121
