,Input,Output,Network
ssd-mobilenet-v1,29,18.042236328125,34.05813217163086
ssd-mobilenet-v2,29,15.57693862915039,27.079744338989258
ssd-inception-v2,29,13.810622215270996,21.67877197265625
pednet,29,6.894384860992432,8.92514705657959
multiped,29,6.963087558746338,9.151795387268066
