,Input,Output,Network
ssd-mobilenet-v1,30,12.590655326843262,27.469932556152344
ssd-mobilenet-v2,30,12.272039413452148,27.49546241760254
ssd-inception-v2,30,12.393291473388672,27.46619987487793
pednet,30,12.180838584899902,27.47637939453125
multiped,30,0.40617725253105164,0.39453673362731934
