,Input,Output,Network
ssd-mobilenet-v1,30,13.91502857208252,34.90236282348633
ssd-mobilenet-v2,30,13.043766975402832,26.928773880004883
ssd-inception-v2,30,11.808130264282227,21.77485466003418
pednet,30,6.6569108963012695,8.882888793945312
multiped,30,6.6786932945251465,9.083562850952148
