,Input,Output,Network
ssd-mobilenet-v1,29,15.552620887756348,26.902812957763672
ssd-mobilenet-v2,29,15.68932056427002,26.959135055541992
ssd-inception-v2,29,15.302727699279785,26.90375518798828
pednet,29,15.996047973632812,26.96860122680664
multiped,29,15.524683952331543,26.80411148071289
