,Input,Output,Network
ssd-mobilenet-v1,60,4.176870822906494,26.669334411621094
ssd-mobilenet-v2,60,4.147788047790527,26.554033279418945
ssd-inception-v2,60,4.163562774658203,26.80893898010254
pednet,60,4.190038204193115,26.579471588134766
multiped,60,4.198887348175049,27.262428283691406
