,Input,Output,Network
ssd-mobilenet-v1,60,3.9396815299987793,27.33453941345215
ssd-mobilenet-v2,60,4.197656154632568,27.413923263549805
ssd-inception-v2,60,4.225018501281738,26.875926971435547
pednet,60,4.206680774688721,27.065582275390625
multiped,60,4.178335189819336,27.111675262451172
