,Input,Output,Network
ssd-mobilenet-v1,29,12.438756942749023,27.06798553466797
ssd-mobilenet-v2,29,12.473750114440918,27.131633758544922
ssd-inception-v2,29,12.48855209350586,27.171375274658203
pednet,29,12.512304306030273,27.526960372924805
multiped,29,12.445089340209961,27.15035629272461
