,Input,Output,Network
ssd-mobilenet-v1,29,15.133848190307617,26.881832122802734
ssd-mobilenet-v2,29,15.139131546020508,26.84980583190918
ssd-inception-v2,29,14.848552703857422,26.79591941833496
pednet,29,15.186328887939453,26.74742889404297
multiped,29,14.864659309387207,26.755964279174805
