,Input,Output,Network
ssd-mobilenet-v1,60,15.926783561706543,27.35311508178711
ssd-mobilenet-v2,60,16.006877899169922,27.236167907714844
ssd-inception-v2,60,16.30742645263672,26.840909957885742
pednet,60,16.022010803222656,26.975385665893555
multiped,60,16.044788360595703,27.046253204345703
