,Input,Output,Network
fcn-resnet18-cityscapes-512x256,60,19.788312911987305,48.86006164550781
fcn-resnet18-cityscapes-1024x512,60,8.139618873596191,12.30717945098877
fcn-resnet18-cityscapes-2048x1024,60,2.4128315448760986,3.055152654647827
fcn-resnet18-voc-320x320,60,19.363204956054688,46.4600830078125
fcn-resnet18-voc-512x320,60,16.79340362548828,34.433780670166016
