,Input,Output,Network
fcn-resnet18-cityscapes-512x256,29,9.198792457580566,48.24811553955078
fcn-resnet18-cityscapes-1024x512,29,5.4651408195495605,12.307312965393066
fcn-resnet18-cityscapes-2048x1024,29,2.173133373260498,3.068652868270874
fcn-resnet18-voc-320x320,29,7.828646183013916,46.2603759765625
fcn-resnet18-voc-512x320,29,7.428228378295898,34.21959686279297
