,Input,Output,Network
fcn-resnet18-cityscapes-512x256,29,16.68464469909668,48.751258850097656
fcn-resnet18-cityscapes-1024x512,29,7.38353157043457,12.277416229248047
fcn-resnet18-cityscapes-2048x1024,29,2.388014316558838,3.0604231357574463
fcn-resnet18-voc-320x320,29,16.37870979309082,46.468177795410156
fcn-resnet18-voc-512x320,29,13.520066261291504,34.26839828491211
