,Input,Output,Network
fcn-resnet18-cityscapes-512x256,30,7.51911735534668,48.24508285522461
fcn-resnet18-cityscapes-1024x512,30,5.404246807098389,12.233148574829102
fcn-resnet18-cityscapes-2048x1024,30,2.1021313667297363,3.0176775455474854
fcn-resnet18-voc-320x320,30,8.19173526763916,46.15251541137695
fcn-resnet18-voc-512x320,30,7.194174289703369,34.62472915649414
