,Input,Output,Network
fcn-resnet18-cityscapes-512x256,30,8.250702857971191,48.1256103515625
fcn-resnet18-cityscapes-1024x512,30,5.7680206298828125,12.272793769836426
fcn-resnet18-cityscapes-2048x1024,30,3.798369884490967,3.045217275619507
fcn-resnet18-voc-320x320,30,8.964198112487793,46.0695686340332
fcn-resnet18-voc-512x320,30,8.404707908630371,34.315128326416016
