,Input,Output,Network
fcn-resnet18-cityscapes-512x256,29,15.650936126708984,49.10624313354492
fcn-resnet18-cityscapes-1024x512,29,7.471724510192871,12.306612014770508
fcn-resnet18-cityscapes-2048x1024,29,2.3710176944732666,3.067206621170044
fcn-resnet18-voc-320x320,29,15.312446594238281,46.37591552734375
fcn-resnet18-voc-512x320,29,12.63830852508545,34.532623291015625
