,Input,Output,Network
fcn-resnet18-cityscapes-512x256,59,4.244395732879639,48.85260009765625
fcn-resnet18-cityscapes-1024x512,59,3.596888780593872,12.218948364257812
fcn-resnet18-cityscapes-2048x1024,59,1.6014772653579712,3.011687755584717
fcn-resnet18-voc-320x320,59,3.7983365058898926,46.146522521972656
fcn-resnet18-voc-512x320,59,0.7463279962539673,34.23100662231445
