,Input,Output,Network
video/240p_60fps.mp4,60.0,12.905825509532518,15.089387925305743
video/360p_30fps.mp4,30.0,11.510067872103292,15.003878534828491
video/480p_30fps.mp4,30.0,11.515470165413053,14.989080738111026
video/720p_30fps.mp4,30.0,5.934666886849582,14.900208806509562
video/1080p_30fps.mp4,30.0,4.5164866185300045,14.776161507488036
video/1080p_60fps.mp4,60.0,4.517270255774683,14.852692021006527
0,30.0,5.913755230014362,14.604642568988089
1,30.0,2.0010673908703343,14.978488614586606
