,Input,Output,Network
video/240p_60fps.mp4,60.0,5.026424541459738,5.392976380341201
video/360p_30fps.mp4,30.0,4.759084004892308,5.209927169564749
video/480p_30fps.mp4,30.0,4.765788774027762,5.209408278676869
video/720p_30fps.mp4,30.0,3.3830606637242564,4.772476355575155
video/1080p_30fps.mp4,30.0,2.8645171575014468,4.991550819772859
video/1080p_60fps.mp4,60.0,2.8618700308581517,5.3620039150205985
0,30.0,3.40666867082137,4.998127388998709
1,30.0,2.0026196861600742,5.533469143976433
