,Input,Output,Network
video/240p_60fps.mp4,60.0,15.419752123325214,17.914386192968568
video/360p_30fps.mp4,30.0,13.46531161308558,17.76994846546102
video/480p_30fps.mp4,30.0,13.43373764568562,17.76042540891356
video/720p_30fps.mp4,30.0,6.56724691314689,17.605327968577985
video/1080p_30fps.mp4,30.0,4.421478556494206,17.336198740253884
video/1080p_60fps.mp4,60.0,4.812850907130363,17.505279945215236
0,30.0,6.0261863960570565,17.126002691492438
1,30.0,2.002001618239255,17.792286641609202
