,Input,Output,Network
video/240p_60fps.mp4,60.0,1.340140746045519,1.4645100880684276
video/360p_30fps.mp4,30.0,1.315528698622133,1.4660766525568651
video/480p_30fps.mp4,30.0,1.3160245852769594,1.4619904552414338
video/720p_30fps.mp4,30.0,1.2343620546025778,1.4573140116617542
video/1080p_30fps.mp4,30.0,1.022984026608726,1.4646179075288757
video/1080p_60fps.mp4,60.0,1.0387300794045864,1.4682313514248324
0,30.0,1.097542986289214,1.4474579320642948
1,30.0,1.2416303575728866,1.4515177374221677
