,Input,Output,Network
video/240p_60fps.mp4,60.0,16.416547561063126,19.811062337389068
video/360p_30fps.mp4,30.0,14.277382481854572,19.695391584735013
video/480p_30fps.mp4,30.0,14.248360124442685,19.707275535249654
video/720p_30fps.mp4,30.0,6.625192043533423,19.535965882433093
video/1080p_30fps.mp4,30.0,4.8891335666364215,19.244416009906658
video/1080p_60fps.mp4,60.0,4.914382248222778,19.35352015080582
0,30.0,6.191377870308718,18.936069326038282
1,30.0,2.001344700841433,19.63206100255999
